"Species","Mean ","SD ","2.5% ","97.5% ","Mean","SD","2.5%","97.5%"
"Blue crab",0.0846168665622792,0.0102156817574951,0.0685247491776567,0.10807946667034,0.120224001172771,0.00818995970885288,0.1040367746539,0.13603037912946
"Gulf killifish",0.0241219149817791,0.00360345715889209,0.0131642844774547,0.0282751863332053,0.0327085664586449,0.00854567684475158,0.0156742747476252,0.0494205234450507
"Pinfish",0.0201142819937893,0.00298982157264849,0.0139335999029954,0.0255700068639083,0.017493856021747,0.00209982517371919,0.0135045733581775,0.0216764203430816
"Silver perch",0.0215461756359211,0.00157572939894321,0.0185253689586056,0.0247536378422682,0.100907177286103,0.00577485513866522,0.0894681676921866,0.112223022001417
"Spotted seatrout",0.0309958768652333,0.00369875323424789,0.0251442119765549,0.0395104899266673,0.0474513156792898,0.00583454484892925,0.0359909346242457,0.0590225693028425
"White shrimp",0.0279692831456984,0.00243313044688958,0.0232469395993462,0.0333590272152494,0.194803245486746,0.00605506835067901,0.182963946042292,0.206978085316865
"White trout",0.0285912569135283,0.00972230092644783,0.00309888199811354,0.0377256765270559,0.0417357167251343,0.00848554789731865,0.0246415206879601,0.0581047508014567
