"Species","Mean ","SD ","2.5% ","97.5% ","Mean","SD","2.5%","97.5%"
"Blue crab",0.085318512817225,0.011269019277529,0.0674606493624781,0.110375743391455,0.120224001172771,0.00818995970885288,0.1040367746539,0.13603037912946
"Gulf killifish",0.0241187210751079,0.0036776617231289,0.0130472053265049,0.028418346659572,0.0327085664586449,0.00854567684475158,0.0156742747476252,0.0494205234450507
"Pinfish",0.0201894549014058,0.00287630617659279,0.0139018856050566,0.0254236849779721,0.017493856021747,0.00209982517371919,0.0135045733581775,0.0216764203430816
"Silver perch",0.0215304122304549,0.00166067254613347,0.0181717176160555,0.0246875364684397,0.100907177286103,0.00577485513866522,0.0894681676921866,0.112223022001417
"Spotted seatrout",0.0307848713361004,0.00371800816742587,0.0246387261607049,0.0386783600551526,0.0474513156792898,0.00583454484892925,0.0359909346242457,0.0590225693028425
"White shrimp",0.0281630659768993,0.00243430751899469,0.0229197309849864,0.0335453295642207,0.194803245486746,0.00605506835067901,0.182963946042292,0.206978085316865
"White trout",0.0279360227174822,0.00906792153468193,0.00186955284836521,0.0384969698681261,0.0417357167251343,0.00848554789731865,0.0246415206879601,0.0581047508014567
